last_name,first_name,email,password,phone
Hieu,Ho,hieu@gmail.com,123456,0332877489
Nhat,Le,nhat@gmail.com,123456,0945007204
Trung,Ho,trung@gmail.com,123456,0322823584
Kien,Phan,kien@gmail.com,123456,0347611471
Manh,Nong,manh@gmail.com,123456,0933909541
Huong,Ho,huong@gmail.com,123456,0316339130
Tho,Le,tho@gmail.com,123456,0995409446
